player_id,player_name,player_url,player_category,Season,Age,Squad,Competition,LgRank,Matches Played,Starts,Minutes,90s Played,Goals Against,Goals Against/90,Shots on Target Against,Saves,Save Percentage,Wins,Draws,Losses,Clean Sheets,Clean Sheet Percentage,Penalty Kicks Attempted,Penalty Kicks Allowed,Penalty Kicks Saved,Penalty Kicks Missed,Save% (Penalty Kicks),Matches
7776f997,Tafari Chambers,https://fbref.com/en/players/7776f997/Tafari-Chambers,CH,2026,25,Mount Pleasant Football Academy,1. CCC,R16,1,1,90,1.0,3,3.00,12,9,75.0,0,0,1,0,0.0,0,0,0,0,,Matches
7776f997,Tafari Chambers,https://fbref.com/en/players/7776f997/Tafari-Chambers,CH,1 Season,1 Club,1 League,,1,1,90,1.0,3,3.00,12,9,75.0,0,0,1,0,0.0,0,0,0,0,,,
a09949da,Gion Chande,https://fbref.com/en/players/a09949da/Gion-Chande,CH,2022-2023,24,Vaduz,3. Conf Lg,GR,2,1,117,1.3,2,1.54,,,,0,1,0,0,0.0,0,0,0,0,,Matches
a09949da,Gion Chande,https://fbref.com/en/players/a09949da/Gion-Chande,CH,1 Season,1 Club,1 League,,2,1,117,1.3,2,1.54,,,,0,1,0,0,0.0,0,0,0,0,,,
5f97d1f9,Gela Chanturiya,https://fbref.com/en/players/5f97d1f9/Gela-Chanturiya,CH,1997-1998,32,FC Dinamo Tbilisi,3. UEFA Cup,Rd2,3,2,224,2.5,,,,,,,,,,,,,,,,Matches
5f97d1f9,Gela Chanturiya,https://fbref.com/en/players/5f97d1f9/Gela-Chanturiya,CH,1 Season,1 Club,1 League,,3,2,224,2.5,,,,,,,,,,,,,,,,,
57398af8,Andreas Charitou,https://fbref.com/en/players/57398af8/Andreas-Charitou,CH,1990-1991,28,AC Omonia,3. UEFA Cup,Rd2,3,3,300,3.3,,,,,,,,,,,,,,,,Matches
57398af8,Andreas Charitou,https://fbref.com/en/players/57398af8/Andreas-Charitou,CH,1 Season,1 Club,1 League,,3,3,300,3.3,,,,,,,,,,,,,,,,,
b389ca37,Pavel Chasnowski,https://fbref.com/en/players/b389ca37/Pavel-Chasnowski,CH,2009-2010,23,FK Ventspils,2. Europa Lg,GR,2,2,180,2.0,6,3.00,10,4,40.0,0,1,1,0,0.0,,,,,,
b389ca37,Pavel Chasnowski,https://fbref.com/en/players/b389ca37/Pavel-Chasnowski,CH,1 Season,1 Club,1 League,,2,2,180,2.0,6,3.00,10,4,40.0,0,1,1,0,0.0,,,,,,,
c52b28d0,Andreas Christodoulou,https://fbref.com/en/players/c52b28d0/Andreas-Christodoulou,CH,2018-2019,21,AEK Larnaca FC,2. Europa Lg,GR,1,1,90,1.0,5,5.00,7,3,42.9,0,0,1,0,0.0,1,1,0,0,0.0,Matches
c52b28d0,Andreas Christodoulou,https://fbref.com/en/players/c52b28d0/Andreas-Christodoulou,CH,2 Seasons,2 Clubs,2 Leagues,,1,1,90,1.0,5,5.00,7,3,42.9,0,0,1,0,0.0,1,1,0,0,0.0,,
c52b28d0,Andreas Christodoulou,https://fbref.com/en/players/c52b28d0/Andreas-Christodoulou,CH,AEK Larnaca FC (1 Season),1 League,,1,1,90,1.0,5,5.00,7,3,42.9,0,0,1,0,0.0,1,1,0,0,0.0,,,
c52b28d0,Andreas Christodoulou,https://fbref.com/en/players/c52b28d0/Andreas-Christodoulou,CH,Europa Lg (1 Season),,,1,1,90,1.0,5,5.00,7,3,42.9,0,0,1,0,0.0,1,1,0,0,0.0,,,
d68d82bf,Reginald Cini,https://fbref.com/en/players/d68d82bf/Reginald-Cini,CI,1993-1994,22,Valletta FC,3. UEFA Cup,Rd1,2,2,180,2.0,,,,,,,,,,,,,,,,Matches
d68d82bf,Reginald Cini,https://fbref.com/en/players/d68d82bf/Reginald-Cini,CI,2 Seasons,1 Club,2 Leagues,,2,2,180,4.0,,,,,,,,,,,,,,,,,
d68d82bf,Reginald Cini,https://fbref.com/en/players/d68d82bf/Reginald-Cini,CI,UEFA Cup (1 Season),,,2,2,180,2.0,,,,,,,,,,,,,,,,,,
fed95cc8,Erin Clachers,https://fbref.com/en/players/fed95cc8/Erin-Clachers,CL,2019-2020,20,Glasgow City,1. Champions Lg,QF,1,0,8,0.1,1,11.25,1,0,0.0,0,0,0,0,,0,0,0,0,,Matches
fed95cc8,Erin Clachers,https://fbref.com/en/players/fed95cc8/Erin-Clachers,CL,5 Seasons,1 Club,1 League,,1,0,8,0.1,1,11.25,1,0,0.0,0,0,0,0,,0,0,0,0,,,
26f7d582,David Cluett,https://fbref.com/en/players/26f7d582/David-Cluett,CL,1991-1992,25,Floriana FC,3. UEFA Cup,Rd1,2,2,180,2.0,,,,,,,,,,,,,,,,Matches
26f7d582,David Cluett,https://fbref.com/en/players/26f7d582/David-Cluett,CL,1992-1993,26,Floriana FC,3. UEFA Cup,Rd1,2,2,180,2.0,,,,,,,,,,,,,,,,Matches
26f7d582,David Cluett,https://fbref.com/en/players/26f7d582/David-Cluett,CL,3 Seasons,1 Club,2 Leagues,,4,4,360,6.0,,,,,,,,,,,,,,,,,
26f7d582,David Cluett,https://fbref.com/en/players/26f7d582/David-Cluett,CL,UEFA Cup (2 Seasons),,,4,4,360,4.0,,,,,,,,,,,,,,,,,,
806de363,Juraj Čobej,https://fbref.com/en/players/806de363/Juraj-Cobej,CO,2005-2006,33,Artmedia,1. Champions Lg,GR,6,6,540,6.0,9,1.50,33,24,72.7,1,3,2,2,33.3,,,,,,Matches
806de363,Juraj Čobej,https://fbref.com/en/players/806de363/Juraj-Cobej,CO,1 Season,1 Club,1 League,,6,6,540,6.0,9,1.50,33,24,72.7,1,3,2,2,33.3,,,,,,,
7258a37e,Ohad Cohen,https://fbref.com/en/players/7258a37e/Ohad-Cohen,CO,2000-2001,25,Beitar Jerusalem,2. UEFA Cup,Rd1,2,2,180,2.0,,,,,,,,,,,,,,,,Matches
7258a37e,Ohad Cohen,https://fbref.com/en/players/7258a37e/Ohad-Cohen,CO,2004-2005,29,Maccabi Petah Tikva FC,2. UEFA Cup,Rd1,1,1,90,1.0,,,,,,,,,,,,,,,,Matches
7258a37e,Ohad Cohen,https://fbref.com/en/players/7258a37e/Ohad-Cohen,CO,2005-2006,30,Maccabi Petah Tikva FC,2. UEFA Cup,GR,6,6,496,5.5,,,,,,,,,,,,,,,,Matches
7258a37e,Ohad Cohen,https://fbref.com/en/players/7258a37e/Ohad-Cohen,CO,3 Seasons,2 Clubs,1 League,,9,9,766,8.5,,,,,,,,,,,,,,,,,
7258a37e,Ohad Cohen,https://fbref.com/en/players/7258a37e/Ohad-Cohen,CO,Maccabi Petah Tikva FC (2 Seasons),1 League,,7,7,586,6.5,,,,,,,,,,,,,,,,,,
7258a37e,Ohad Cohen,https://fbref.com/en/players/7258a37e/Ohad-Cohen,CO,Beitar Jerusalem (1 Season),1 League,,2,2,180,2.0,,,,,,,,,,,,,,,,,,
2ab5561f,Dayle Coleing,https://fbref.com/en/players/2ab5561f/Dayle-Coleing,CO,2021-2022,24,Lincoln Red Imps FC,3. Conf Lg,GR,3,3,270,3.0,8,2.67,,,,0,0,3,0,0.0,0,0,0,0,,Matches
2ab5561f,Dayle Coleing,https://fbref.com/en/players/2ab5561f/Dayle-Coleing,CO,1 Season,1 Club,1 League,,3,3,270,3.0,8,2.67,,,,0,0,3,0,0.0,0,0,0,0,,,
79a2589f,Joël Corminbœuf,https://fbref.com/en/players/79a2589f/Joel-Corminboeuf,CO,1991-1992,27,Xamax,3. UEFA Cup,Rd3,1,1,90,1.0,,,,,,,,,,,,,,,,Matches
79a2589f,Joël Corminbœuf,https://fbref.com/en/players/79a2589f/Joel-Corminboeuf,CO,1995-1996,31,Xamax,3. UEFA Cup,Rd1,2,2,180,2.0,,,,,,,,,,,,,,,,Matches
79a2589f,Joël Corminbœuf,https://fbref.com/en/players/79a2589f/Joel-Corminboeuf,CO,1996-1997,32,Xamax,3. UEFA Cup,Rd2,4,4,360,4.0,,,,,,,,,,,,,,,,Matches
79a2589f,Joël Corminbœuf,https://fbref.com/en/players/79a2589f/Joel-Corminboeuf,CO,1997-1998,33,Xamax,3. UEFA Cup,Rd1,2,2,180,2.0,,,,,,,,,,,,,,,,Matches
79a2589f,Joël Corminbœuf,https://fbref.com/en/players/79a2589f/Joel-Corminboeuf,CO,4 Seasons,1 Club,1 League,,9,9,810,9.0,,,,,,,,,,,,,,,,,
40dcd145,Vasile Coșelev,https://fbref.com/en/players/40dcd145/Vasile-Coselev,CO,1995-1996,23,FC Zimbru Chișinău,3. UEFA Cup,Rd2,4,4,360,4.0,,,,,,,,,,,,,,,,Matches
40dcd145,Vasile Coșelev,https://fbref.com/en/players/40dcd145/Vasile-Coselev,CO,1 Season,1 Club,1 League,,4,4,360,4.0,,,,,,,,,,,,,,,,,
832e280e,Aarón Cruz,https://fbref.com/en/players/832e280e/Aaron-Cruz,CR,2020,28,Saprissa,1. CCL,R16,2,2,180,2.0,2,1.00,5,3,60.0,0,2,0,1,50.0,0,0,0,0,,Matches
832e280e,Aarón Cruz,https://fbref.com/en/players/832e280e/Aaron-Cruz,CR,2021,29,Saprissa,1. CCL,R16,2,2,180,2.0,5,2.50,9,5,55.6,0,0,2,0,0.0,1,1,0,0,0.0,Matches
832e280e,Aarón Cruz,https://fbref.com/en/players/832e280e/Aaron-Cruz,CR,2022,30,Saprissa,1. CCL,R16,2,2,180,2.0,6,3.00,12,6,50.0,0,1,1,0,0.0,0,0,0,0,,Matches
832e280e,Aarón Cruz,https://fbref.com/en/players/832e280e/Aaron-Cruz,CR,2024,32,Herediano,1. CCC,QF,2,2,180,2.0,4,2.00,13,9,69.2,1,0,1,0,0.0,0,0,0,0,,Matches
832e280e,Aarón Cruz,https://fbref.com/en/players/832e280e/Aaron-Cruz,CR,4 Seasons,2 Clubs,1 League,,8,8,720,8.0,17,2.12,39,23,59.0,1,3,4,1,12.5,1,1,0,0,0.0,,
832e280e,Aarón Cruz,https://fbref.com/en/players/832e280e/Aaron-Cruz,CR,Saprissa (3 Seasons),1 League,,6,6,540,6.0,13,2.17,26,14,53.8,0,3,3,1,16.7,1,1,0,0,0.0,,,
832e280e,Aarón Cruz,https://fbref.com/en/players/832e280e/Aaron-Cruz,CR,Herediano (1 Season),1 League,,2,2,180,2.0,4,2.00,13,9,69.2,1,0,1,0,0.0,0,0,0,0,,,,
40a6893f,Tim Dalton,https://fbref.com/en/players/40a6893f/Tim-Dalton,DA,1990-1991,24,Derry City,3. UEFA Cup,Rd1,2,2,180,2.0,,,,,,,,,,,,,,,,Matches
40a6893f,Tim Dalton,https://fbref.com/en/players/40a6893f/Tim-Dalton,DA,1 Season,1 Club,1 League,,2,2,180,2.0,,,,,,,,,,,,,,,,,
eee3920f,Nir Davidovich,https://fbref.com/en/players/eee3920f/Nir-Davidovich,DA,2000-2001,23,Maccabi Haifa FC,2. UEFA Cup,Rd1,2,2,180,2.0,,,,,,,,,,,,,,,,Matches
eee3920f,Nir Davidovich,https://fbref.com/en/players/eee3920f/Nir-Davidovich,DA,2003-2004,26,Maccabi Haifa,2. UEFA Cup,Rd2,4,4,360,4.0,,,,,,,,,,,,,,,,Matches
eee3920f,Nir Davidovich,https://fbref.com/en/players/eee3920f/Nir-Davidovich,DA,2004-2005,27,Maccabi Haifa,2. UEFA Cup,Rd1,2,2,180,2.0,,,,,,,,,,,,,,,,Matches
eee3920f,Nir Davidovich,https://fbref.com/en/players/eee3920f/Nir-Davidovich,DA,2006-2007,29,Maccabi Haifa,2. UEFA Cup,R16,10,10,900,10.0,,,,,,,,,,,,,,,,Matches
eee3920f,Nir Davidovich,https://fbref.com/en/players/eee3920f/Nir-Davidovich,DA,2009-2010,32,Maccabi Haifa,1. Champions Lg,GR,6,6,540,6.0,8,1.33,34,26,76.5,0,0,6,0,0.0,,,,,,Matches
eee3920f,Nir Davidovich,https://fbref.com/en/players/eee3920f/Nir-Davidovich,DA,2011-2012,34,Maccabi Haifa,2. Europa Lg,GR,1,1,90,1.0,4,4.00,9,5,55.6,0,0,1,0,0.0,,,,,,Matches
eee3920f,Nir Davidovich,https://fbref.com/en/players/eee3920f/Nir-Davidovich,DA,6 Seasons,1 Club,2 Leagues,,25,25,"2,250",25.0,12,1.71,43,31,72.1,0,0,7,0,0.0,,,,,,,
eee3920f,Nir Davidovich,https://fbref.com/en/players/eee3920f/Nir-Davidovich,DA,UEFA Cup (5 Seasons),,,19,19,"1,710",19.0,4,4.00,9,5,55.6,0,0,1,0,0.0,,,,,,,,
eee3920f,Nir Davidovich,https://fbref.com/en/players/eee3920f/Nir-Davidovich,DA,Champions Lg (1 Season),,,6,6,540,6.0,8,1.33,34,26,76.5,0,0,6,0,0.0,,,,,,,,
939fd4e8,Wim De Coninck,https://fbref.com/en/players/939fd4e8/Wim-De-Coninck,DE,1990-1991,30,Antwerp,3. UEFA Cup,Rd1,2,2,210,2.3,,,,,,,,,,,,,,,,Matches
939fd4e8,Wim De Coninck,https://fbref.com/en/players/939fd4e8/Wim-De-Coninck,DE,1 Season,1 Club,1 League,,2,2,210,2.3,,,,,,,,,,,,,,,,,
95ec7c36,Adrián De Lemos,https://fbref.com/en/players/95ec7c36/Adrian-De-Lemos,DE,2022,39,Deportivo Guastatoya,1. CCL,R16,2,2,180,2.0,3,1.50,10,7,70.0,0,0,2,0,0.0,0,0,0,0,,Matches
95ec7c36,Adrián De Lemos,https://fbref.com/en/players/95ec7c36/Adrian-De-Lemos,DE,1 Season,1 Club,1 League,,2,2,180,2.0,3,1.50,10,7,70.0,0,0,2,0,0.0,0,0,0,0,,,
9a345449,Florent Delay,https://fbref.com/en/players/9a345449/Florent-Delay,DE,1991-1992,19,Xamax,3. UEFA Cup,Rd3,5,5,450,5.0,,,,,,,,,,,,,,,,Matches
9a345449,Florent Delay,https://fbref.com/en/players/9a345449/Florent-Delay,DE,1992-1993,20,Xamax,3. UEFA Cup,Rd1,2,2,180,2.0,,,,,,,,,,,,,,,,Matches
9a345449,Florent Delay,https://fbref.com/en/players/9a345449/Florent-Delay,DE,2 Seasons,1 Club,1 League,,7,7,630,7.0,,,,,,,,,,,,,,,,,
cd4cbf05,Wanerge Delgado,https://fbref.com/en/players/cd4cbf05/Wanerge-Delgado,DE,2015,26,Aurora,2. Sudamericana,1S,2,2,180,2.0,,,,0,,0,0,2,0,0.0,1,1,0,0,0.0,Matches
cd4cbf05,Wanerge Delgado,https://fbref.com/en/players/cd4cbf05/Wanerge-Delgado,DE,1 Season,1 Club,1 League,,2,2,180,2.0,,,,0,,0,0,2,0,0.0,1,1,0,0,0.0,,
36c268ee,Demetris Demetriou,https://fbref.com/en/players/36c268ee/Demetris-Demetriou,DE,2022-2023,23,Apollon Limassol,3. Conf Lg,GR,1,1,90,1.0,0,0.00,,,,1,0,0,1,100.0,0,0,0,0,,Matches
36c268ee,Demetris Demetriou,https://fbref.com/en/players/36c268ee/Demetris-Demetriou,DE,2 Seasons,2 Clubs,1 League,,1,1,90,1.0,0,0.00,,,,1,0,0,1,100.0,0,0,0,0,,,
36c268ee,Demetris Demetriou,https://fbref.com/en/players/36c268ee/Demetris-Demetriou,DE,Apollon Limassol (1 Season),1 League,,1,1,90,1.0,0,0.00,,,,1,0,0,1,100.0,0,0,0,0,,,,
d03e4ae3,Hayrettin Demirbaş,https://fbref.com/en/players/d03e4ae3/Hayrettin-Demirbas,DE,1992-1993,29,Galatasaray,3. UEFA Cup,Rd3,6,6,540,6.0,,,,,,,,,,,,,,,,Matches
d03e4ae3,Hayrettin Demirbaş,https://fbref.com/en/players/d03e4ae3/Hayrettin-Demirbas,DE,2 Seasons,1 Club,2 Leagues,,6,6,540,16.0,,,,,,,,,,,,,,,,,
d03e4ae3,Hayrettin Demirbaş,https://fbref.com/en/players/d03e4ae3/Hayrettin-Demirbas,DE,UEFA Cup (1 Season),,,6,6,540,6.0,,,,,,,,,,,,,,,,,,
85cf7fd8,Michael Devine,https://fbref.com/en/players/85cf7fd8/Michael-Devine,DE,2005-2006,32,Cork City,2. UEFA Cup,Rd1,2,2,180,2.0,,,,,,,,,,,,,,,,Matches
85cf7fd8,Michael Devine,https://fbref.com/en/players/85cf7fd8/Michael-Devine,DE,1 Season,1 Club,1 League,,2,2,180,2.0,,,,,,,,,,,,,,,,,
4b2b59fd,Péter Disztl,https://fbref.com/en/players/4b2b59fd/Peter-Disztl,DI,1991-1992,31,Rot-Weiß Erfurt,3. UEFA Cup,Rd2,4,4,360,4.0,,,,,,,,,,,,,,,,Matches
4b2b59fd,Péter Disztl,https://fbref.com/en/players/4b2b59fd/Peter-Disztl,DI,1 Season,1 Club,1 League,,4,4,360,4.0,,,,,,,,,,,,,,,,,
4cc1ab4d,Emily Dolan,https://fbref.com/en/players/4cc1ab4d/Emily-Dolan,DO,2017-2018,23,Medyk Konin,1. Champions Lg,R32,2,2,180,2.0,,,,0,,0,0,2,0,0.0,1,1,0,0,0.0,Matches
4cc1ab4d,Emily Dolan,https://fbref.com/en/players/4cc1ab4d/Emily-Dolan,DO,1 Season,1 Club,1 League,,2,2,180,2.0,,,,0,,0,0,2,0,0.0,1,1,0,0,0.0,,
363c9d9d,Megan Dorsey,https://fbref.com/en/players/363c9d9d/Megan-Dorsey,DO,2017-2018,25,Sparta Prague,1. Champions Lg,R16,4,4,360,4.0,,,,0,,2,1,1,2,50.0,0,0,0,0,,Matches
363c9d9d,Megan Dorsey,https://fbref.com/en/players/363c9d9d/Megan-Dorsey,DO,2019-2020,27,Sparta Prague,1. Champions Lg,R32,2,2,180,2.0,,,,,,0,0,2,0,0.0,0,0,0,0,,Matches
363c9d9d,Megan Dorsey,https://fbref.com/en/players/363c9d9d/Megan-Dorsey,DO,2 Seasons,1 Club,1 League,,6,6,540,6.0,,,,0,,2,1,3,2,33.3,0,0,0,0,,,
78e99d5a,Kelsey Dossey,https://fbref.com/en/players/78e99d5a/Kelsey-Dossey,DO,2019-2020,23,FC Lugano,1. Champions Lg,R32,1,1,90,1.0,,,,,,0,0,1,0,0.0,1,1,0,0,0.0,Matches
78e99d5a,Kelsey Dossey,https://fbref.com/en/players/78e99d5a/Kelsey-Dossey,DO,1 Season,1 Club,1 League,,1,1,90,1.0,,,,,,0,0,1,0,0.0,1,1,0,0,0.0,,
9d381764,Mirosław Dreszer,https://fbref.com/en/players/9d381764/Miroslaw-Dreszer,DR,1990-1991,24,Katowice,3. UEFA Cup,Rd2,3,3,270,3.0,,,,,,,,,,,,,,,,Matches
9d381764,Mirosław Dreszer,https://fbref.com/en/players/9d381764/Miroslaw-Dreszer,DR,1995-1996,29,Zagłębie Lubin,3. UEFA Cup,Rd1,2,2,180,2.0,,,,,,,,,,,,,,,,Matches
9d381764,Mirosław Dreszer,https://fbref.com/en/players/9d381764/Miroslaw-Dreszer,DR,2 Seasons,2 Clubs,1 League,,5,5,450,5.0,,,,,,,,,,,,,,,,,
9d381764,Mirosław Dreszer,https://fbref.com/en/players/9d381764/Miroslaw-Dreszer,DR,Katowice (1 Season),1 League,,3,3,270,3.0,,,,,,,,,,,,,,,,,,
9d381764,Mirosław Dreszer,https://fbref.com/en/players/9d381764/Miroslaw-Dreszer,DR,Zagłębie Lubin (1 Season),1 League,,2,2,180,2.0,,,,,,,,,,,,,,,,,,
0fcdc09f,Teva Durot,https://fbref.com/en/players/0fcdc09f/Teva-Durot,DU,2021,34,AS Pirae,1. Club World Cup,Rd1,1,1,90,1.0,4,4.00,4,0,0.0,0,0,1,0,0.0,0,0,0,0,,Matches
0fcdc09f,Teva Durot,https://fbref.com/en/players/0fcdc09f/Teva-Durot,DU,1 Season,1 Club,1 League,,1,1,90,1.0,4,4.00,4,0,0.0,0,0,1,0,0.0,0,0,0,0,,,
80d3b02f,Vyacheslav Dusmanov,https://fbref.com/en/players/80d3b02f/Vyacheslav-Dusmanov,DU,2002-2003,29,FC Gomel,2. UEFA Cup,Rd1,2,2,180,2.0,,,,,,,,,,,,,,,,Matches
80d3b02f,Vyacheslav Dusmanov,https://fbref.com/en/players/80d3b02f/Vyacheslav-Dusmanov,DU,2 Seasons,2 Clubs,1 League,,2,2,180,2.0,,,,,,,,,,,,,,,,,
80d3b02f,Vyacheslav Dusmanov,https://fbref.com/en/players/80d3b02f/Vyacheslav-Dusmanov,DU,FC Gomel (1 Season),1 League,,2,2,180,2.0,,,,,,,,,,,,,,,,,,
08e4076e,Dan-Ola Eckerman,https://fbref.com/en/players/08e4076e/Dan-Ola-Eckerman,EC,1990-1991,27,TPS,3. UEFA Cup,Rd1,2,2,180,2.0,,,,,,,,,,,,,,,,Matches
08e4076e,Dan-Ola Eckerman,https://fbref.com/en/players/08e4076e/Dan-Ola-Eckerman,EC,1 Season,1 Club,1 League,,2,2,180,2.0,,,,,,,,,,,,,,,,,
010d7d71,Amir Edri,https://fbref.com/en/players/010d7d71/Amir-Edri,ED,2013-2014,28,Maccabi Haifa,2. Europa Lg,GR,1,1,90,1.0,1,1.00,3,2,66.7,1,0,0,1,100.0,,,,,,Matches
010d7d71,Amir Edri,https://fbref.com/en/players/010d7d71/Amir-Edri,ED,1 Season,1 Club,1 League,,1,1,90,1.0,1,1.00,3,2,66.7,1,0,0,1,100.0,,,,,,,
1d0771bb,Khalid Eisa,https://fbref.com/en/players/1d0771bb/Khalid-Eisa,EI,2025,35,Al Ain FC,1. Club World Cup,GR,1,1,90,1.0,6,6.00,10,5,50.0,0,0,1,0,0.0,1,1,0,0,0.0,Matches
1d0771bb,Khalid Eisa,https://fbref.com/en/players/1d0771bb/Khalid-Eisa,EI,1 Season,1 Club,1 League,,1,1,90,1.0,6,6.00,10,5,50.0,0,0,1,0,0.0,1,1,0,0,0.0,,
f6a0d143,Gooly Elien,https://fbref.com/en/players/f6a0d143/Gooly-Elien,EL,2021,20,Arcahaie FC,1. CCL,R16,1,1,90,1.0,0,0.00,2,2,100.0,0,1,0,1,100.0,0,0,0,0,,Matches
f6a0d143,Gooly Elien,https://fbref.com/en/players/f6a0d143/Gooly-Elien,EL,2025,24,Real Hope,1. CCC,,2,2,180,2.0,7,3.50,13,6,46.2,0,0,2,0,0.0,0,0,0,0,,Matches
f6a0d143,Gooly Elien,https://fbref.com/en/players/f6a0d143/Gooly-Elien,EL,2 Seasons,2 Clubs,1 League,,3,3,270,3.0,7,2.33,15,8,53.3,0,1,2,1,33.3,0,0,0,0,,,
f6a0d143,Gooly Elien,https://fbref.com/en/players/f6a0d143/Gooly-Elien,EL,Real Hope (1 Season),1 League,,2,2,180,2.0,7,3.50,13,6,46.2,0,0,2,0,0.0,0,0,0,0,,,,
f6a0d143,Gooly Elien,https://fbref.com/en/players/f6a0d143/Gooly-Elien,EL,Arcahaie FC (1 Season),1 League,,1,1,90,1.0,0,0.00,2,2,100.0,0,1,0,1,100.0,0,0,0,0,,,,
ec78ce3a,Shavit Elimelech,https://fbref.com/en/players/ec78ce3a/Shavit-Elimelech,EL,1999-2000,27,Hapoel Tel Aviv FC,2. UEFA Cup,Rd1,2,2,180,2.0,,,,,,,,,,,,,,,,Matches
ec78ce3a,Shavit Elimelech,https://fbref.com/en/players/ec78ce3a/Shavit-Elimelech,EL,2001-2002,29,Hapoel Tel Aviv,2. UEFA Cup,QF,9,9,804,8.9,,,,,,,,,,,,,,,,Matches
ec78ce3a,Shavit Elimelech,https://fbref.com/en/players/ec78ce3a/Shavit-Elimelech,EL,2002-2003,30,Hapoel Tel Aviv,2. UEFA Cup,Rd2,3,3,270,3.0,,,,,,,,,,,,,,,,Matches
ec78ce3a,Shavit Elimelech,https://fbref.com/en/players/ec78ce3a/Shavit-Elimelech,EL,2003-2004,31,Hapoel Tel Aviv,2. UEFA Cup,Rd1,2,2,180,2.0,,,,,,,,,,,,,,,,Matches
ec78ce3a,Shavit Elimelech,https://fbref.com/en/players/ec78ce3a/Shavit-Elimelech,EL,2006-2007,34,Hapoel Tel Aviv,2. UEFA Cup,R32,8,8,720,8.0,,,,,,,,,,,,,,,,Matches
ec78ce3a,Shavit Elimelech,https://fbref.com/en/players/ec78ce3a/Shavit-Elimelech,EL,5 Seasons,1 Club,1 League,,24,24,"2,154",23.9,,,,,,,,,,,,,,,,,
9eb1303d,Palle Emil Petersen,https://fbref.com/en/players/9eb1303d/Palle-Emil-Petersen,EM,1991-1992,32,FC Copenhagen,3. UEFA Cup,QF,6,6,484,5.4,,,,,,,,,,,,,,,,Matches
9eb1303d,Palle Emil Petersen,https://fbref.com/en/players/9eb1303d/Palle-Emil-Petersen,EM,1992-1993,33,FC Copenhagen,3. UEFA Cup,Rd2,4,4,360,4.0,,,,,,,,,,,,,,,,Matches
9eb1303d,Palle Emil Petersen,https://fbref.com/en/players/9eb1303d/Palle-Emil-Petersen,EM,3 Seasons,1 Club,2 Leagues,,10,10,844,13.7,,,,,,,,,,,,,,,,,
9eb1303d,Palle Emil Petersen,https://fbref.com/en/players/9eb1303d/Palle-Emil-Petersen,EM,UEFA Cup (2 Seasons),,,10,10,844,9.4,,,,,,,,,,,,,,,,,,
88b748d2,Nenad Erić,https://fbref.com/en/players/88b748d2/Nenad-Eric,ER,2015-2016,33,FC Astana,1. Champions Lg,GR,6,6,540,6.0,11,1.83,47,36,76.6,0,4,2,1,16.7,,,,,,Matches
88b748d2,Nenad Erić,https://fbref.com/en/players/88b748d2/Nenad-Eric,ER,2016-2017,34,FC Astana,2. Europa Lg,GR,6,6,540,6.0,11,1.83,32,21,65.6,1,2,3,1,16.7,0,0,0,0,,Matches
88b748d2,Nenad Erić,https://fbref.com/en/players/88b748d2/Nenad-Eric,ER,2017-2018,35,FC Astana,2. Europa Lg,R32,8,8,720,8.0,13,1.62,46,33,73.9,3,2,3,3,37.5,1,1,0,0,0.0,Matches
88b748d2,Nenad Erić,https://fbref.com/en/players/88b748d2/Nenad-Eric,ER,2018-2019,36,FC Astana,2. Europa Lg,GR,6,6,540,6.0,7,1.17,24,17,70.8,2,2,2,1,16.7,1,0,0,1,,Matches
88b748d2,Nenad Erić,https://fbref.com/en/players/88b748d2/Nenad-Eric,ER,2019-2020,37,FC Astana,2. Europa Lg,GR,6,6,475,5.3,13,2.46,38,25,65.8,1,0,5,0,0.0,0,0,0,0,,Matches
88b748d2,Nenad Erić,https://fbref.com/en/players/88b748d2/Nenad-Eric,ER,5 Seasons,1 Club,2 Leagues,,32,32,"2,815",31.3,55,1.76,187,132,71.1,7,10,15,6,18.8,2,1,0,1,0.0,,
88b748d2,Nenad Erić,https://fbref.com/en/players/88b748d2/Nenad-Eric,ER,Europa Lg (4 Seasons),,,26,26,"2,275",25.3,44,1.74,140,96,69.3,7,6,13,5,19.2,2,1,0,1,0.0,,,
88b748d2,Nenad Erić,https://fbref.com/en/players/88b748d2/Nenad-Eric,ER,Champions Lg (1 Season),,,6,6,540,6.0,11,1.83,47,36,76.6,0,4,2,1,16.7,,,,,,,,
38bf7f72,Jean-Luc Ettori,https://fbref.com/en/players/38bf7f72/Jean-Luc-Ettori,ET,1990-1991,35,Monaco,3. UEFA Cup,Rd3,6,6,540,6.0,,,,,,,,,,,,,,,,Matches
38bf7f72,Jean-Luc Ettori,https://fbref.com/en/players/38bf7f72/Jean-Luc-Ettori,ET,2 Seasons,1 Club,2 Leagues,,6,6,540,17.0,,,,,,,,,,,,,,,,,
38bf7f72,Jean-Luc Ettori,https://fbref.com/en/players/38bf7f72/Jean-Luc-Ettori,ET,UEFA Cup (1 Season),,,6,6,540,6.0,,,,,,,,,,,,,,,,,,
0dc19e53,Danielle Etzel,https://fbref.com/en/players/0dc19e53/Danielle-Etzel,ET,2019-2020,22,Vllaznia Shkodër,1. Champions Lg,R32,2,2,180,2.0,,,,,,0,0,2,0,0.0,1,1,0,0,0.0,Matches
0dc19e53,Danielle Etzel,https://fbref.com/en/players/0dc19e53/Danielle-Etzel,ET,1 Season,1 Club,1 League,,2,2,180,2.0,,,,,,0,0,2,0,0.0,1,1,0,0,0.0,,
7a1b563e,Per Fahlstrom,https://fbref.com/en/players/7a1b563e/Per-Fahlstrom,FA,1999-2000,31,Lyngby,2. UEFA Cup,Rd1,2,2,180,2.0,,,,,,,,,,,,,,,,Matches
7a1b563e,Per Fahlstrom,https://fbref.com/en/players/7a1b563e/Per-Fahlstrom,FA,1 Season,1 Club,1 League,,2,2,180,2.0,,,,,,,,,,,,,,,,,
f4949b00,Irfan Fejzić,https://fbref.com/en/players/f4949b00/Irfan-Fejzic,FE,2007-2008,21,Sarajevo,2. UEFA Cup,Rd1,2,2,180,2.0,,,,,,,,,,,,,,,,Matches
f4949b00,Irfan Fejzić,https://fbref.com/en/players/f4949b00/Irfan-Fejzic,FE,1 Season,1 Club,1 League,,2,2,180,2.0,,,,,,,,,,,,,,,,,
139f09d9,Róbert Fekete,https://fbref.com/en/players/139f09d9/Robert-Fekete,FE,1999-2000,28,Debrecen,2. UEFA Cup,Rd1,2,2,180,2.0,,,,,,,,,,,,,,,,Matches
139f09d9,Róbert Fekete,https://fbref.com/en/players/139f09d9/Robert-Fekete,FE,1 Season,1 Club,1 League,,2,2,180,2.0,,,,,,,,,,,,,,,,,
d39669b9,Jorge Flores,https://fbref.com/en/players/d39669b9/Jorge-Flores,FL,2017,28,Oriente Petrolero,2. Sudamericana,2S,1,0,14,0.2,1,6.43,1,0,0.0,,,,0,,0,0,0,0,,Matches
d39669b9,Jorge Flores,https://fbref.com/en/players/d39669b9/Jorge-Flores,FL,1 Season,1 Club,1 League,,1,0,14,0.2,1,6.43,1,0,0.0,,,,0,,0,0,0,0,,,
a1eadbed,Follmann,https://fbref.com/en/players/a1eadbed/Follmann,FO,2016,23,Chapecoense,2. Sudamericana,F,1,1,90,1.0,,,,0,,0,0,1,0,0.0,0,0,0,0,,Matches
a1eadbed,Follmann,https://fbref.com/en/players/a1eadbed/Follmann,FO,1 Season,1 Club,1 League,,1,1,90,1.0,,,,0,,0,0,1,0,0.0,0,0,0,0,,,
7d44c83c,Jonathan Fonkel,https://fbref.com/en/players/7d44c83c/Jonathan-Fonkel,FO,2024,18,SV Robinhood,1. CCC,R16,2,2,180,2.0,3,1.50,23,20,87.0,0,1,1,0,0.0,0,0,0,0,,Matches
7d44c83c,Jonathan Fonkel,https://fbref.com/en/players/7d44c83c/Jonathan-Fonkel,FO,1 Season,1 Club,1 League,,2,2,180,2.0,3,1.50,23,20,87.0,0,1,1,0,0.0,0,0,0,0,,,
05509b2d,Douglas Forvis,https://fbref.com/en/players/05509b2d/Douglas-Forvis,FO,2024,31,Real Estelí FC,1. CCC,,2,2,180,2.0,3,1.50,10,7,70.0,1,0,1,0,0.0,0,0,0,0,,Matches
05509b2d,Douglas Forvis,https://fbref.com/en/players/05509b2d/Douglas-Forvis,FO,2 Seasons,2 Clubs,1 League,,2,2,180,2.0,3,1.50,10,7,70.0,1,0,1,0,0.0,0,0,0,0,,,
05509b2d,Douglas Forvis,https://fbref.com/en/players/05509b2d/Douglas-Forvis,FO,Real Estelí FC (1 Season),1 League,,2,2,180,2.0,3,1.50,10,7,70.0,1,0,1,0,0.0,0,0,0,0,,,,
587dd23f,Kemar Foster,https://fbref.com/en/players/587dd23f/Kemar-Foster,FO,2020,27,Portmore United FC,1. CCL,R16,2,2,180,2.0,6,3.00,22,17,77.3,0,0,2,0,0.0,1,1,0,0,0.0,Matches
587dd23f,Kemar Foster,https://fbref.com/en/players/587dd23f/Kemar-Foster,FO,1 Season,1 Club,1 League,,2,2,180,2.0,6,3.00,22,17,77.3,0,0,2,0,0.0,1,1,0,0,0.0,,
5bc38bc3,Denver Fox,https://fbref.com/en/players/5bc38bc3/Denver-Fox,FO,2021,23,Real Estelí FC,1. CCL,R16,1,1,90,1.0,1,1.00,2,1,50.0,0,0,1,0,0.0,0,0,0,0,,Matches
5bc38bc3,Denver Fox,https://fbref.com/en/players/5bc38bc3/Denver-Fox,FO,1 Season,1 Club,1 League,,1,1,90,1.0,1,1.00,2,1,50.0,0,0,1,0,0.0,0,0,0,0,,,
e42b28c2,Stivi Frashëri,https://fbref.com/en/players/e42b28c2/Stivi-Frasheri,FR,2022-2023,31,KF Ballkani Therandë,3. Conf Lg,GR,6,6,540,6.0,1,0.17,,,,1,1,4,0,0.0,1,0,0,1,,Matches
e42b28c2,Stivi Frashëri,https://fbref.com/en/players/e42b28c2/Stivi-Frasheri,FR,1 Season,1 Club,1 League,,6,6,540,6.0,1,0.17,,,,1,1,4,0,0.0,1,0,0,1,,,
85b4255f,Joe Frising,https://fbref.com/en/players/85b4255f/Joe-Frising,FR,2018-2019,24,F91 Dudelange,2. Europa Lg,GR,2,2,180,2.0,4,2.00,11,7,63.6,0,0,2,0,0.0,0,0,0,0,,Matches
85b4255f,Joe Frising,https://fbref.com/en/players/85b4255f/Joe-Frising,FR,1 Season,1 Club,1 League,,2,2,180,2.0,4,2.00,11,7,63.6,0,0,2,0,0.0,0,0,0,0,,,
0c71f305,Alyaksandr Fyedarovich,https://fbref.com/en/players/0c71f305/Alyaksandr-Fyedarovich,FY,2001-2002,27,BATE Borisov,2. UEFA Cup,Rd1,2,2,180,2.0,,,,,,,,,,,,,,,,Matches
0c71f305,Alyaksandr Fyedarovich,https://fbref.com/en/players/0c71f305/Alyaksandr-Fyedarovich,FY,2007-2008,33,BATE Borisov,2. UEFA Cup,Rd1,2,2,180,2.0,,,,,,,,,,,,,,,,Matches
0c71f305,Alyaksandr Fyedarovich,https://fbref.com/en/players/0c71f305/Alyaksandr-Fyedarovich,FY,2 Seasons,1 Club,1 League,,4,4,360,4.0,,,,,,,,,,,,,,,,,
2f14de05,Tonči Gabrić,https://fbref.com/en/players/2f14de05/Tonci-Gabric,GA,1991-1992,29,PAOK,3. UEFA Cup,Rd2,4,4,360,4.0,,,,,,,,,,,,,,,,Matches
2f14de05,Tonči Gabrić,https://fbref.com/en/players/2f14de05/Tonci-Gabric,GA,1992-1993,30,PAOK,3. UEFA Cup,Rd1,2,2,135,1.5,,,,,,,,,,,,,,,,Matches
2f14de05,Tonči Gabrić,https://fbref.com/en/players/2f14de05/Tonci-Gabric,GA,1997-1998,35,Hajduk Split,3. UEFA Cup,Rd1,2,2,180,2.0,,,,,,,,,,,,,,,,Matches
2f14de05,Tonči Gabrić,https://fbref.com/en/players/2f14de05/Tonci-Gabric,GA,1998-1999,36,Hajduk Split,3. UEFA Cup,Rd1,2,2,180,2.0,,,,,,,,,,,,,,,,Matches
2f14de05,Tonči Gabrić,https://fbref.com/en/players/2f14de05/Tonci-Gabric,GA,5 Seasons,2 Clubs,2 Leagues,,10,10,855,16.5,,,,,,,,,,,,,,,,,
2f14de05,Tonči Gabrić,https://fbref.com/en/players/2f14de05/Tonci-Gabric,GA,Hajduk Split (3 Seasons),2 Leagues,,4,4,360,11.0,,,,,,,,,,,,,,,,,,
2f14de05,Tonči Gabrić,https://fbref.com/en/players/2f14de05/Tonci-Gabric,GA,PAOK (2 Seasons),1 League,,6,6,495,5.5,,,,,,,,,,,,,,,,,,
2f14de05,Tonči Gabrić,https://fbref.com/en/players/2f14de05/Tonci-Gabric,GA,UEFA Cup (4 Seasons),,,10,10,855,9.5,,,,,,,,,,,,,,,,,,
6cd38213,Filip Gačevski,https://fbref.com/en/players/6cd38213/Filip-Gacevski,GA,2017-2018,26,FK Vardar,2. Europa Lg,GR,6,6,540,6.0,20,3.33,36,16,50.0,0,1,5,0,0.0,3,2,1,0,33.3,Matches
6cd38213,Filip Gačevski,https://fbref.com/en/players/6cd38213/Filip-Gacevski,GA,1 Season,1 Club,1 League,,6,6,540,6.0,20,3.33,36,16,50.0,0,1,5,0,0.0,3,2,1,0,33.3,,
648ee8e4,Ivko Ganchev,https://fbref.com/en/players/648ee8e4/Ivko-Ganchev,GA,1990-1991,25,Slavia Sofia,3. UEFA Cup,Rd1,2,2,210,2.3,,,,,,,,,,,,,,,,Matches
648ee8e4,Ivko Ganchev,https://fbref.com/en/players/648ee8e4/Ivko-Ganchev,GA,1991-1992,26,Slavia Sofia,3. UEFA Cup,Rd1,2,2,180,2.0,,,,,,,,,,,,,,,,Matches
648ee8e4,Ivko Ganchev,https://fbref.com/en/players/648ee8e4/Ivko-Ganchev,GA,2 Seasons,1 Club,1 League,,4,4,390,4.3,,,,,,,,,,,,,,,,,
ada522b6,Jean-Louis Garcia,https://fbref.com/en/players/ada522b6/Jean-Louis-Garcia,GA,1994-1995,31,Nantes,3. UEFA Cup,QF,2,1,134,1.5,,,,,,,,,,,,,,,,Matches
ada522b6,Jean-Louis Garcia,https://fbref.com/en/players/ada522b6/Jean-Louis-Garcia,GA,2 Seasons,1 Club,1 League,,2,1,134,1.5,,,,,,,,,,,,,,,,,
98e1daea,Nathan Garrow,https://fbref.com/en/players/98e1daea/Nathan-Garrow,GA,2025,20,Auckland City,1. Club World Cup,GR,2,2,180,2.0,7,3.50,25,20,80.0,0,1,1,0,0.0,2,2,0,0,0.0,Matches
98e1daea,Nathan Garrow,https://fbref.com/en/players/98e1daea/Nathan-Garrow,GA,1 Season,1 Club,1 League,,2,2,180,2.0,7,3.50,25,20,80.0,0,1,1,0,0.0,2,2,0,0,0.0,,
db0f7cd5,Iraitz Gelbentzu,https://fbref.com/en/players/db0f7cd5/Iraitz-Gelbentzu,GE,2026,25,Universidad O&M FC,1. CCC,,1,1,75,0.8,7,8.40,12,5,41.7,0,0,1,0,0.0,0,0,0,0,,Matches
db0f7cd5,Iraitz Gelbentzu,https://fbref.com/en/players/db0f7cd5/Iraitz-Gelbentzu,GE,1 Season,1 Club,1 League,,1,1,75,0.8,7,8.40,12,5,41.7,0,0,1,0,0.0,0,0,0,0,,,
889dfa10,Daniel Gherasim,https://fbref.com/en/players/889dfa10/Daniel-Gherasim,GH,1997-1998,32,Steaua,3. UEFA Cup,Rd3,1,1,90,1.0,,,,,,,,,,,,,,,,Matches
889dfa10,Daniel Gherasim,https://fbref.com/en/players/889dfa10/Daniel-Gherasim,GH,4 Seasons,1 Club,2 Leagues,,1,1,90,2.5,,,,,,,,,,,,,,,,,
889dfa10,Daniel Gherasim,https://fbref.com/en/players/889dfa10/Daniel-Gherasim,GH,UEFA Cup (2 Seasons),,,1,1,90,1.0,,,,,,,,,,,,,,,,,,
d52f9c41,Nikolaos Gialamas,https://fbref.com/en/players/d52f9c41/Nikolaos-Gialamas,GI,1997-1998,26,OFI Crete,3. UEFA Cup,Rd2,2,1,117,1.3,,,,,,,,,,,,,,,,Matches
d52f9c41,Nikolaos Gialamas,https://fbref.com/en/players/d52f9c41/Nikolaos-Gialamas,GI,1 Season,1 Club,1 League,,2,1,117,1.3,,,,,,,,,,,,,,,,,
bcbda911,Giannis Gitsioudis,https://fbref.com/en/players/bcbda911/Giannis-Gitsioudis,GI,1990-1991,28,PAOK,3. UEFA Cup,Rd1,2,2,210,2.3,,,,,,,,,,,,,,,,Matches
bcbda911,Giannis Gitsioudis,https://fbref.com/en/players/bcbda911/Giannis-Gitsioudis,GI,2 Seasons,1 Club,1 League,,2,2,210,2.3,,,,,,,,,,,,,,,,,
88ee750e,Mario González,https://fbref.com/en/players/88ee750e/Mario-Gonzalez,GO,2023,25,Alianza FC,1. CCL,R16,2,2,180,2.0,4,2.00,8,5,62.5,0,1,1,1,50.0,1,1,0,0,0.0,Matches
88ee750e,Mario González,https://fbref.com/en/players/88ee750e/Mario-Gonzalez,GO,1 Season,1 Club,1 League,,2,2,180,2.0,4,2.00,8,5,62.5,0,1,1,1,50.0,1,1,0,0,0.0,,
03de83d9,David Goresh,https://fbref.com/en/players/03de83d9/David-Goresh,GO,2016-2017,36,Hapoel Be'er Sheva FC,2. Europa Lg,R32,8,8,720,8.0,11,1.37,31,20,64.5,2,2,4,2,25.0,0,0,0,0,,Matches
03de83d9,David Goresh,https://fbref.com/en/players/03de83d9/David-Goresh,GO,2017-2018,37,Hapoel Be'er Sheva FC,2. Europa Lg,GR,4,4,360,4.0,7,1.75,18,11,61.1,0,1,3,0,0.0,0,0,0,0,,Matches
03de83d9,David Goresh,https://fbref.com/en/players/03de83d9/David-Goresh,GO,2 Seasons,1 Club,1 League,,12,12,"1,080",12.0,18,1.50,49,31,63.3,2,3,7,2,16.7,0,0,0,0,,,
e99f7d8b,Luka Gresak,https://fbref.com/en/players/e99f7d8b/Luka-Gresak,GR,1998-1999,25,NK Maribor,3. UEFA Cup,Rd1,2,2,180,2.0,,,,,,,,,,,,,,,,Matches
e99f7d8b,Luka Gresak,https://fbref.com/en/players/e99f7d8b/Luka-Gresak,GR,1999-2000,26,NK Maribor,1. Champions Lg,GR1,2,2,180,2.0,2,1.00,8,6,75.0,0,1,1,1,50.0,,,,,,Matches
e99f7d8b,Luka Gresak,https://fbref.com/en/players/e99f7d8b/Luka-Gresak,GR,2 Seasons,1 Club,2 Leagues,,4,4,360,4.0,2,1.00,8,6,75.0,0,1,1,1,50.0,,,,,,,
e99f7d8b,Luka Gresak,https://fbref.com/en/players/e99f7d8b/Luka-Gresak,GR,Champions Lg (1 Season),,,2,2,180,2.0,2,1.00,8,6,75.0,0,1,1,1,50.0,,,,,,,,
e99f7d8b,Luka Gresak,https://fbref.com/en/players/e99f7d8b/Luka-Gresak,GR,UEFA Cup (1 Season),,,2,2,180,2.0,,,,,,,,,,,,,,,,,,
49728ad0,Alex Güity,https://fbref.com/en/players/49728ad0/Alex-Guity,GU,2020,22,Club Deportivo Olimpia,1. CCL,SF,1,0,77,0.9,1,1.17,3,2,66.7,0,0,0,0,,0,0,0,0,,Matches
49728ad0,Alex Güity,https://fbref.com/en/players/49728ad0/Alex-Guity,GU,2 Seasons,1 Club,1 League,,1,0,77,0.9,1,1.17,3,2,66.7,0,0,0,0,,0,0,0,0,,,
5c946b57,Ásta Guðlaugsdóttir,https://fbref.com/en/players/5c946b57/Asta-Gudlaugsdottir,GU,2019-2020,23,Breiðablik,1. Champions Lg,R16,2,2,180,2.0,,,,,,1,0,1,1,50.0,0,0,0,0,,Matches
5c946b57,Ásta Guðlaugsdóttir,https://fbref.com/en/players/5c946b57/Asta-Gudlaugsdottir,GU,1 Season,1 Club,1 League,,2,2,180,2.0,,,,,,1,0,1,1,50.0,0,0,0,0,,,
ec159955,Davit Gvaramadze,https://fbref.com/en/players/ec159955/Davit-Gvaramadze,GV,1998-1999,22,FC Dinamo Tbilisi,3. UEFA Cup,Rd1,2,2,180,2.0,,,,,,,,,,,,,,,,Matches
ec159955,Davit Gvaramadze,https://fbref.com/en/players/ec159955/Davit-Gvaramadze,GV,2002-2003,26,FC Dinamo Tbilisi,2. UEFA Cup,Rd1,2,2,180,2.0,,,,,,,,,,,,,,,,Matches
ec159955,Davit Gvaramadze,https://fbref.com/en/players/ec159955/Davit-Gvaramadze,GV,2 Seasons,1 Club,1 League,,4,4,360,4.0,,,,,,,,,,,,,,,,,
6c228bb6,Guy Haimov,https://fbref.com/en/players/6c228bb6/Guy-Haimov,HA,2011-2012,25,Maccabi Tel Aviv FC,2. Europa Lg,GR,4,4,360,4.0,12,3.00,31,19,61.3,0,2,2,0,0.0,,,,,,Matches
6c228bb6,Guy Haimov,https://fbref.com/en/players/6c228bb6/Guy-Haimov,HA,2017-2018,31,Hapoel Be'er Sheva FC,2. Europa Lg,GR,2,2,180,2.0,3,1.50,6,3,50.0,1,0,1,0,0.0,0,0,0,0,,Matches
6c228bb6,Guy Haimov,https://fbref.com/en/players/6c228bb6/Guy-Haimov,HA,3 Seasons,2 Clubs,1 League,,6,6,540,6.0,15,2.50,37,22,59.5,1,2,3,0,0.0,0,0,0,0,,,
6c228bb6,Guy Haimov,https://fbref.com/en/players/6c228bb6/Guy-Haimov,HA,Hapoel Be'er Sheva FC (2 Seasons),1 League,,2,2,180,2.0,3,1.50,6,3,50.0,1,0,1,0,0.0,0,0,0,0,,,,
6c228bb6,Guy Haimov,https://fbref.com/en/players/6c228bb6/Guy-Haimov,HA,Maccabi Tel Aviv FC (1 Season),1 League,,4,4,360,4.0,12,3.00,31,19,61.3,0,2,2,0,0.0,,,,,,,,
98307a71,Attila Hajdu,https://fbref.com/en/players/98307a71/Attila-Hajdu,HA,2000-2001,29,Vasas,2. UEFA Cup,Rd1,1,1,90,1.0,,,,,,,,,,,,,,,,Matches
98307a71,Attila Hajdu,https://fbref.com/en/players/98307a71/Attila-Hajdu,HA,3 Seasons,3 Clubs,2 Leagues,,1,1,90,7.0,,,,,,,,,,,,,,,,,
98307a71,Attila Hajdu,https://fbref.com/en/players/98307a71/Attila-Hajdu,HA,Vasas (1 Season),1 League,,1,1,90,1.0,,,,,,,,,,,,,,,,,,
98307a71,Attila Hajdu,https://fbref.com/en/players/98307a71/Attila-Hajdu,HA,UEFA Cup (2 Seasons),,,1,1,90,1.0,,,,,,,,,,,,,,,,,,
1372964b,Jaylan Hankins,https://fbref.com/en/players/1372964b/Jaylan-Hankins,HA,2025-2026,24,Lincoln Red Imps FC,3. Conf Lg,Lg,5,5,450,5.0,10,2.00,32,23,71.9,2,1,2,0,0.0,1,1,0,0,0.0,Matches
1372964b,Jaylan Hankins,https://fbref.com/en/players/1372964b/Jaylan-Hankins,HA,1 Season,1 Club,1 League,,5,5,450,5.0,10,2.00,32,23,71.9,2,1,2,0,0.0,1,1,0,0,0.0,,
ae0cf8d9,Phil Harrington,https://fbref.com/en/players/ae0cf8d9/Phil-Harrington,HA,1991-1992,27,Cork City,3. UEFA Cup,Rd1,2,2,180,2.0,,,,,,,,,,,,,,,,Matches
ae0cf8d9,Phil Harrington,https://fbref.com/en/players/ae0cf8d9/Phil-Harrington,HA,2 Seasons,1 Club,2 Leagues,,2,2,180,4.0,,,,,,,,,,,,,,,,,
ae0cf8d9,Phil Harrington,https://fbref.com/en/players/ae0cf8d9/Phil-Harrington,HA,UEFA Cup (1 Season),,,2,2,180,2.0,,,,,,,,,,,,,,,,,,
d1274b84,Lukáš Hasalík,https://fbref.com/en/players/d1274b84/Lukas-Hasalik,HA,2020-2021,19,Slovan Liberec,2. Europa Lg,GR,1,1,90,1.0,5,5.00,11,6,54.5,0,0,1,0,0.0,0,0,0,0,,Matches
d1274b84,Lukáš Hasalík,https://fbref.com/en/players/d1274b84/Lukas-Hasalik,HA,1 Season,1 Club,1 League,,1,1,90,1.0,5,5.00,11,6,54.5,0,0,1,0,0.0,0,0,0,0,,,
f98d7706,Christian Hassler,https://fbref.com/en/players/f98d7706/Christian-Hassler,HA,1991-1992,20,FC Tirol Innsbruck,3. UEFA Cup,Rd3,2,2,180,2.0,,,,,,,,,,,,,,,,Matches
f98d7706,Christian Hassler,https://fbref.com/en/players/f98d7706/Christian-Hassler,HA,2 Seasons,1 Club,2 Leagues,,2,2,180,3.0,,,,,,,,,,,,,,,,,
f98d7706,Christian Hassler,https://fbref.com/en/players/f98d7706/Christian-Hassler,HA,UEFA Cup (1 Season),,,2,2,180,2.0,,,,,,,,,,,,,,,,,,
0d0df776,Radomír Havel,https://fbref.com/en/players/0d0df776/Radomir-Havel,HA,1999-2000,26,Sigma Olomouc,2. UEFA Cup,Rd1,1,1,90,1.0,,,,,,,,,,,,,,,,Matches
0d0df776,Radomír Havel,https://fbref.com/en/players/0d0df776/Radomir-Havel,HA,1 Season,1 Club,1 League,,1,1,90,1.0,,,,,,,,,,,,,,,,,
f706b60d,Harald Heinen,https://fbref.com/en/players/f706b60d/Harald-Heinen,HE,1994-1995,28,Seraing,3. UEFA Cup,Rd1,1,1,90,1.0,,,,,,,,,,,,,,,,Matches
f706b60d,Harald Heinen,https://fbref.com/en/players/f706b60d/Harald-Heinen,HE,1 Season,1 Club,1 League,,1,1,90,1.0,,,,,,,,,,,,,,,,,
96a03e30,Dave Henderson,https://fbref.com/en/players/96a03e30/Dave-Henderson,HE,1993-1994,33,Bohemian FC,3. UEFA Cup,Rd1,2,2,180,2.0,,,,,,,,,,,,,,,,Matches
96a03e30,Dave Henderson,https://fbref.com/en/players/96a03e30/Dave-Henderson,HE,2 Seasons,2 Clubs,2 Leagues,,2,2,180,2.0,,,,,,,,,,,,,,,,,
96a03e30,Dave Henderson,https://fbref.com/en/players/96a03e30/Dave-Henderson,HE,Bohemian FC (1 Season),1 League,,2,2,180,2.0,,,,,,,,,,,,,,,,,,
96a03e30,Dave Henderson,https://fbref.com/en/players/96a03e30/Dave-Henderson,HE,UEFA Cup (1 Season),,,2,2,180,2.0,,,,,,,,,,,,,,,,,,
9f25c48c,Johanna Henriksson,https://fbref.com/en/players/9f25c48c/Johanna-Henriksson,HE,2018-2019,23,Þór/KA,1. Champions Lg,R32,1,0,,0.0,,,,,,0,0,0,0,,0,0,0,0,,Matches
9f25c48c,Johanna Henriksson,https://fbref.com/en/players/9f25c48c/Johanna-Henriksson,HE,1 Season,1 Club,1 League,,1,0,,0.0,,,,,,0,0,0,0,,0,0,0,0,,,
ebc5bae8,Valeriy Horodov,https://fbref.com/en/players/ebc5bae8/Valeriy-Horodov,HO,1990-1991,29,FC Dnipro,3. UEFA Cup,Rd1,2,2,180,2.0,,,,,,,,,,,,,,,,Matches
ebc5bae8,Valeriy Horodov,https://fbref.com/en/players/ebc5bae8/Valeriy-Horodov,HO,1 Season,1 Club,1 League,,2,2,180,2.0,,,,,,,,,,,,,,,,,
1a9e26e3,Viktor Hryshko,https://fbref.com/en/players/1a9e26e3/Viktor-Hryshko,HR,1990-1991,28,Chornomorets Odesa,3. UEFA Cup,Rd2,4,4,360,4.0,,,,,,,,,,,,,,,,Matches
1a9e26e3,Viktor Hryshko,https://fbref.com/en/players/1a9e26e3/Viktor-Hryshko,HR,1993-1994,31,Trabzonspor,3. UEFA Cup,Rd2,4,4,360,4.0,,,,,,,,,,,,,,,,Matches
1a9e26e3,Viktor Hryshko,https://fbref.com/en/players/1a9e26e3/Viktor-Hryshko,HR,1994-1995,32,Trabzonspor,3. UEFA Cup,Rd3,6,6,540,6.0,,,,,,,,,,,,,,,,Matches
1a9e26e3,Viktor Hryshko,https://fbref.com/en/players/1a9e26e3/Viktor-Hryshko,HR,3 Seasons,2 Clubs,1 League,,14,14,"1,260",14.0,,,,,,,,,,,,,,,,,
1a9e26e3,Viktor Hryshko,https://fbref.com/en/players/1a9e26e3/Viktor-Hryshko,HR,Trabzonspor (2 Seasons),1 League,,10,10,900,10.0,,,,,,,,,,,,,,,,,,
1a9e26e3,Viktor Hryshko,https://fbref.com/en/players/1a9e26e3/Viktor-Hryshko,HR,Chornomorets Odesa (1 Season),1 League,,4,4,360,4.0,,,,,,,,,,,,,,,,,,
d22596ca,Guy Hubart,https://fbref.com/en/players/d22596ca/Guy-Hubart,HU,1995-1996,35,Standard Liège,3. UEFA Cup,Rd1,2,0,60,0.7,,,,,,,,,,,,,,,,Matches
d22596ca,Guy Hubart,https://fbref.com/en/players/d22596ca/Guy-Hubart,HU,1 Season,1 Club,1 League,,2,0,60,0.7,,,,,,,,,,,,,,,,,
0700e20f,Stefan Huber,https://fbref.com/en/players/0700e20f/Stefan-Huber,HU,1990-1991,24,Lausanne-Sport,3. UEFA Cup,Rd1,1,1,90,1.0,,,,,,,,,,,,,,,,Matches
0700e20f,Stefan Huber,https://fbref.com/en/players/0700e20f/Stefan-Huber,HU,1991-1992,25,Lausanne-Sport,3. UEFA Cup,Rd1,2,2,210,2.3,,,,,,,,,,,,,,,,Matches
0700e20f,Stefan Huber,https://fbref.com/en/players/0700e20f/Stefan-Huber,HU,1999-2000,33,Grasshopper,2. UEFA Cup,Rd2,3,2,198,2.2,,,,,,,,,,,,,,,,Matches
0700e20f,Stefan Huber,https://fbref.com/en/players/0700e20f/Stefan-Huber,HU,2001-2002,35,Grasshopper,2. UEFA Cup,Rd3,4,4,360,4.0,,,,,,,,,,,,,,,,Matches
0700e20f,Stefan Huber,https://fbref.com/en/players/0700e20f/Stefan-Huber,HU,4 Seasons,2 Clubs,1 League,,10,9,858,9.5,,,,,,,,,,,,,,,,,
0700e20f,Stefan Huber,https://fbref.com/en/players/0700e20f/Stefan-Huber,HU,Grasshopper (2 Seasons),1 League,,7,6,558,6.2,,,,,,,,,,,,,,,,,,
0700e20f,Stefan Huber,https://fbref.com/en/players/0700e20f/Stefan-Huber,HU,Lausanne-Sport (2 Seasons),1 League,,3,3,300,3.3,,,,,,,,,,,,,,,,,,
1b286102,Eric Hughes,https://fbref.com/en/players/1b286102/Eric-Hughes,HU,2023,36,Tauro,1. CCL,R16,2,2,180,2.0,3,1.50,10,7,70.0,0,0,2,0,0.0,0,0,0,0,,Matches
1b286102,Eric Hughes,https://fbref.com/en/players/1b286102/Eric-Hughes,HU,1 Season,1 Club,1 League,,2,2,180,2.0,3,1.50,10,7,70.0,0,0,2,0,0.0,0,0,0,0,,,
42a1e402,Marc Huysmans,https://fbref.com/en/players/42a1e402/Marc-Huysmans,HU,1993-1994,32,KSV Waregem,3. UEFA Cup,Rd1,2,2,180,2.0,,,,,,,,,,,,,,,,Matches
42a1e402,Marc Huysmans,https://fbref.com/en/players/42a1e402/Marc-Huysmans,HU,1994-1995,33,Seraing,3. UEFA Cup,Rd1,1,1,90,1.0,,,,,,,,,,,,,,,,Matches
42a1e402,Marc Huysmans,https://fbref.com/en/players/42a1e402/Marc-Huysmans,HU,2 Seasons,2 Clubs,1 League,,3,3,270,3.0,,,,,,,,,,,,,,,,,
42a1e402,Marc Huysmans,https://fbref.com/en/players/42a1e402/Marc-Huysmans,HU,KSV Waregem (1 Season),1 League,,2,2,180,2.0,,,,,,,,,,,,,,,,,,
42a1e402,Marc Huysmans,https://fbref.com/en/players/42a1e402/Marc-Huysmans,HU,Seraing (1 Season),1 League,,1,1,90,1.0,,,,,,,,,,,,,,,,,,
1619ff9d,Miralem Ibrahimović,https://fbref.com/en/players/1619ff9d/Miralem-Ibrahimovic,IB,1991-1992,28,Dinamo Zagreb,3. UEFA Cup,Rd1,1,0,44,0.5,,,,,,,,,,,,,,,,Matches
1619ff9d,Miralem Ibrahimović,https://fbref.com/en/players/1619ff9d/Miralem-Ibrahimovic,IB,1997-1998,34,Croatia Zagreb,3. UEFA Cup,Rd3,1,1,90,1.0,,,,,,,,,,,,,,,,Matches
1619ff9d,Miralem Ibrahimović,https://fbref.com/en/players/1619ff9d/Miralem-Ibrahimovic,IB,3 Seasons,1 Club,1 League,,2,1,134,1.5,,,,,,,,,,,,,,,,,
d3defedf,Syarhey Ignatovich,https://fbref.com/en/players/d3defedf/Syarhey-Ignatovich,IG,2014-2015,22,Dinamo Minsk,2. Europa Lg,GR,3,3,270,3.0,5,1.67,14,9,64.3,0,1,2,0,0.0,,,,,,Matches
d3defedf,Syarhey Ignatovich,https://fbref.com/en/players/d3defedf/Syarhey-Ignatovich,IG,2015-2016,23,Dinamo Minsk,2. Europa Lg,GR,1,1,90,1.0,2,2.00,6,4,66.7,0,0,1,0,0.0,,,,,,Matches
d3defedf,Syarhey Ignatovich,https://fbref.com/en/players/d3defedf/Syarhey-Ignatovich,IG,2 Seasons,1 Club,1 League,,4,4,360,4.0,7,1.75,20,13,65.0,0,1,3,0,0.0,,,,,,,
bb8af824,Alexandru Iliuciuc,https://fbref.com/en/players/bb8af824/Alexandru-Iliuciuc,IL,2001-2002,23,Dinamo București,2. UEFA Cup,Rd1,1,1,90,1.0,,,,,,,,,,,,,,,,Matches
bb8af824,Alexandru Iliuciuc,https://fbref.com/en/players/bb8af824/Alexandru-Iliuciuc,IL,1 Season,1 Club,1 League,,1,1,90,1.0,,,,,,,,,,,,,,,,,
47e0087c,Herbert Ilsanker,https://fbref.com/en/players/47e0087c/Herbert-Ilsanker,IL,1992-1993,25,Austria Salzburg,3. UEFA Cup,Rd1,1,1,90,1.0,,,,,,,,,,,,,,,,Matches
47e0087c,Herbert Ilsanker,https://fbref.com/en/players/47e0087c/Herbert-Ilsanker,IL,3 Seasons,1 Club,2 Leagues,,1,1,90,1.3,,,,,,,,,,,,,,,,,
47e0087c,Herbert Ilsanker,https://fbref.com/en/players/47e0087c/Herbert-Ilsanker,IL,UEFA Cup (2 Seasons),,,1,1,90,1.0,,,,,,,,,,,,,,,,,,
86463f6b,Müge İnan,https://fbref.com/en/players/86463f6b/Muge-Inan,IN,2024-2025,30,Galatasaray,1. Champions Lg,GR,1,0,3,0.0,1,30.00,2,1,50.0,0,0,0,0,,0,0,0,0,,Matches
86463f6b,Müge İnan,https://fbref.com/en/players/86463f6b/Muge-Inan,IN,1 Season,1 Club,1 League,,1,0,3,0.0,1,30.00,2,1,50.0,0,0,0,0,,0,0,0,0,,,
91be7d82,Engin İpekoğlu,https://fbref.com/en/players/91be7d82/Engin-Ipekoglu,IP,1992-1993,31,Fenerbahçe,3. UEFA Cup,Rd2,4,4,360,4.0,,,,,,,,,,,,,,,,Matches
91be7d82,Engin İpekoğlu,https://fbref.com/en/players/91be7d82/Engin-Ipekoglu,IP,1994-1995,33,Fenerbahçe,3. UEFA Cup,Rd1,2,2,180,2.0,,,,,,,,,,,,,,,,Matches
91be7d82,Engin İpekoğlu,https://fbref.com/en/players/91be7d82/Engin-Ipekoglu,IP,3 Seasons,2 Clubs,2 Leagues,,6,6,540,8.0,,,,,,,,,,,,,,,,,
91be7d82,Engin İpekoğlu,https://fbref.com/en/players/91be7d82/Engin-Ipekoglu,IP,Fenerbahçe (2 Seasons),1 League,,6,6,540,6.0,,,,,,,,,,,,,,,,,,
91be7d82,Engin İpekoğlu,https://fbref.com/en/players/91be7d82/Engin-Ipekoglu,IP,UEFA Cup (2 Seasons),,,6,6,540,6.0,,,,,,,,,,,,,,,,,,
45d15250,Tomislav Ivković,https://fbref.com/en/players/45d15250/Tomislav-Ivkovic,IV,1990-1991,29,Sporting CP,3. UEFA Cup,SF,10,10,900,10.0,,,,,,,,,,,,,,,,Matches
45d15250,Tomislav Ivković,https://fbref.com/en/players/45d15250/Tomislav-Ivkovic,IV,1991-1992,30,Sporting CP,3. UEFA Cup,Rd1,2,2,210,2.3,,,,,,,,,,,,,,,,Matches
45d15250,Tomislav Ivković,https://fbref.com/en/players/45d15250/Tomislav-Ivkovic,IV,2 Seasons,1 Club,1 League,,12,12,"1,110",12.3,,,,,,,,,,,,,,,,,
fdae3f4c,Petri Jakonen,https://fbref.com/en/players/fdae3f4c/Petri-Jakonen,JA,1994-1995,27,MYPA,3. UEFA Cup,Rd1,2,2,180,2.0,,,,,,,,,,,,,,,,Matches
fdae3f4c,Petri Jakonen,https://fbref.com/en/players/fdae3f4c/Petri-Jakonen,JA,1995-1996,28,MYPA,3. UEFA Cup,Rd1,2,2,148,1.6,,,,,,,,,,,,,,,,Matches
fdae3f4c,Petri Jakonen,https://fbref.com/en/players/fdae3f4c/Petri-Jakonen,JA,2 Seasons,1 Club,1 League,,4,4,328,3.6,,,,,,,,,,,,,,,,,
3dba26e5,Ryszard Jankowski,https://fbref.com/en/players/3dba26e5/Ryszard-Jankowski,JA,1994-1995,34,Trelleborg,3. UEFA Cup,Rd2,4,4,360,4.0,,,,,,,,,,,,,,,,Matches
3dba26e5,Ryszard Jankowski,https://fbref.com/en/players/3dba26e5/Ryszard-Jankowski,JA,2 Seasons,2 Clubs,2 Leagues,,4,4,360,4.0,,,,,,,,,,,,,,,,,
3dba26e5,Ryszard Jankowski,https://fbref.com/en/players/3dba26e5/Ryszard-Jankowski,JA,Trelleborg (1 Season),1 League,,4,4,360,4.0,,,,,,,,,,,,,,,,,,
3dba26e5,Ryszard Jankowski,https://fbref.com/en/players/3dba26e5/Ryszard-Jankowski,JA,UEFA Cup (1 Season),,,4,4,360,4.0,,,,,,,,,,,,,,,,,,
a8f32444,Zdeněk Jánoš,https://fbref.com/en/players/a8f32444/Zdenek-Janos,JA,1992-1993,25,Slavia Prague,3. UEFA Cup,Rd1,2,2,180,2.0,,,,,,,,,,,,,,,,Matches
a8f32444,Zdeněk Jánoš,https://fbref.com/en/players/a8f32444/Zdenek-Janos,JA,1993-1994,26,Slavia Prague,3. UEFA Cup,Rd1,2,2,180,2.0,,,,,,,,,,,,,,,,Matches
a8f32444,Zdeněk Jánoš,https://fbref.com/en/players/a8f32444/Zdenek-Janos,JA,2 Seasons,1 Club,1 League,,4,4,360,4.0,,,,,,,,,,,,,,,,,
a59c945a,Sören Järelöv,https://fbref.com/en/players/a59c945a/Soren-Jarelov,JA,1990-1991,25,GAIS,3. UEFA Cup,Rd1,2,2,180,2.0,,,,,,,,,,,,,,,,Matches
a59c945a,Sören Järelöv,https://fbref.com/en/players/a59c945a/Soren-Jarelov,JA,2 Seasons,2 Clubs,2 Leagues,,2,2,180,3.1,,,,,,,,,,,,,,,,,
a59c945a,Sören Järelöv,https://fbref.com/en/players/a59c945a/Soren-Jarelov,JA,GAIS (1 Season),1 League,,2,2,180,2.0,,,,,,,,,,,,,,,,,,
a59c945a,Sören Järelöv,https://fbref.com/en/players/a59c945a/Soren-Jarelov,JA,UEFA Cup (1 Season),,,2,2,180,2.0,,,,,,,,,,,,,,,,,,
93643935,Allan Jensen,https://fbref.com/en/players/93643935/Allan-Jensen,JE,1992-1993,23,BK Frem,3. UEFA Cup,Rd2,1,1,90,1.0,,,,,,,,,,,,,,,,Matches
93643935,Allan Jensen,https://fbref.com/en/players/93643935/Allan-Jensen,JE,1 Season,1 Club,1 League,,1,1,90,1.0,,,,,,,,,,,,,,,,,
448df99e,António Jesus Pereira,https://fbref.com/en/players/448df99e/Antonio-Jesus-Pereira,JE,1990-1991,35,Vitória Guimarães,3. UEFA Cup,Rd1,2,2,180,2.0,,,,,,,,,,,,,,,,Matches
448df99e,António Jesus Pereira,https://fbref.com/en/players/448df99e/Antonio-Jesus-Pereira,JE,1992-1993,37,Vitória Guimarães,3. UEFA Cup,Rd2,1,1,90,1.0,,,,,,,,,,,,,,,,Matches
448df99e,António Jesus Pereira,https://fbref.com/en/players/448df99e/Antonio-Jesus-Pereira,JE,2 Seasons,1 Club,1 League,,3,3,270,3.0,,,,,,,,,,,,,,,,,
a1e644a4,Mats Johansson,https://fbref.com/en/players/a1e644a4/Mats-Johansson,JO,1991-1992,29,Örebro,3. UEFA Cup,Rd1,1,1,90,1.0,,,,,,,,,,,,,,,,Matches
a1e644a4,Mats Johansson,https://fbref.com/en/players/a1e644a4/Mats-Johansson,JO,1 Season,1 Club,1 League,,1,1,90,1.0,,,,,,,,,,,,,,,,,
adb19422,Nils Jonatan Johansson,https://fbref.com/en/players/adb19422/Nils-Jonatan-Johansson,JO,2023-2024,32,KÍ Klaksvík,3. Conf Lg,GR,6,6,540,6.0,9,1.50,21,15,71.4,1,1,4,2,33.3,3,3,0,0,0.0,Matches
adb19422,Nils Jonatan Johansson,https://fbref.com/en/players/adb19422/Nils-Jonatan-Johansson,JO,1 Season,1 Club,1 League,,6,6,540,6.0,9,1.50,21,15,71.4,1,1,4,2,33.3,3,3,0,0,0.0,,
068830ca,Jonathan Joubert,https://fbref.com/en/players/068830ca/Jonathan-Joubert,JO,2019-2020,39,F91 Dudelange,2. Europa Lg,GR,6,6,540,6.0,18,3.00,48,33,68.8,1,1,4,0,0.0,3,3,0,0,0.0,Matches
068830ca,Jonathan Joubert,https://fbref.com/en/players/068830ca/Jonathan-Joubert,JO,1 Season,1 Club,1 League,,6,6,540,6.0,18,3.00,48,33,68.8,1,1,4,0,0.0,3,3,0,0,0.0,,
2a04fee9,Gogo Jovčev,https://fbref.com/en/players/2a04fee9/Gogo-Jovcev,JO,2003-2004,29,FK Vardar,2. UEFA Cup,Rd1,2,1,129,1.4,,,,,,,,,,,,,,,,Matches
2a04fee9,Gogo Jovčev,https://fbref.com/en/players/2a04fee9/Gogo-Jovcev,JO,1 Season,1 Club,1 League,,2,1,129,1.4,,,,,,,,,,,,,,,,,
1ef6cc5b,Szeiler József,https://fbref.com/en/players/1ef6cc5b/Szeiler-Jozsef,JO,1990-1991,24,Ferencváros,3. UEFA Cup,Rd2,1,1,90,1.0,,,,,,,,,,,,,,,,Matches
1ef6cc5b,Szeiler József,https://fbref.com/en/players/1ef6cc5b/Szeiler-Jozsef,JO,1996-1997,30,Ferencváros,3. UEFA Cup,Rd2,4,4,360,4.0,,,,,,,,,,,,,,,,Matches
1ef6cc5b,Szeiler József,https://fbref.com/en/players/1ef6cc5b/Szeiler-Jozsef,JO,2 Seasons,1 Club,1 League,,5,5,450,5.0,,,,,,,,,,,,,,,,,
b5a7e081,Norbert Juračka,https://fbref.com/en/players/b5a7e081/Norbert-Juracka,JU,1999-2000,29,Banská Bystrica,2. UEFA Cup,Rd1,2,2,180,2.0,,,,,,,,,,,,,,,,Matches
b5a7e081,Norbert Juračka,https://fbref.com/en/players/b5a7e081/Norbert-Juracka,JU,1 Season,1 Club,1 League,,2,2,180,2.0,,,,,,,,,,,,,,,,,
54f4fa63,Sherhan Kalmurza,https://fbref.com/en/players/54f4fa63/Sherhan-Kalmurza,KA,2025-2026,18,FC Kairat,1. Champions Lg,Lg,2,2,180,2.0,9,4.50,17,10,52.9,0,0,2,0,0.0,2,1,1,0,50.0,Matches
54f4fa63,Sherhan Kalmurza,https://fbref.com/en/players/54f4fa63/Sherhan-Kalmurza,KA,1 Season,1 Club,1 League,,2,2,180,2.0,9,4.50,17,10,52.9,0,0,2,0,0.0,2,1,1,0,50.0,,
3af80363,Oļegs Karavajevs,https://fbref.com/en/players/3af80363/Olegs-Karavajevs,KA,1998-1999,37,Skonto FC,3. UEFA Cup,Rd1,2,2,180,2.0,,,,,,,,,,,,,,,,Matches
3af80363,Oļegs Karavajevs,https://fbref.com/en/players/3af80363/Olegs-Karavajevs,KA,1 Season,1 Club,1 League,,2,2,180,2.0,,,,,,,,,,,,,,,,,
1cbebd4e,Christos Karkamanis,https://fbref.com/en/players/1cbebd4e/Christos-Karkamanis,KA,1994-1995,24,Aris,3. UEFA Cup,Rd1,2,2,210,2.3,,,,,,,,,,,,,,,,Matches
1cbebd4e,Christos Karkamanis,https://fbref.com/en/players/1cbebd4e/Christos-Karkamanis,KA,1 Season,1 Club,1 League,,2,2,210,2.3,,,,,,,,,,,,,,,,,
ec1a904f,Michalis Kavelis,https://fbref.com/en/players/ec1a904f/Michalis-Kavelis,KA,1991-1992,24,Anorthosis,3. UEFA Cup,Rd1,1,1,120,1.3,,,,,,,,,,,,,,,,Matches
ec1a904f,Michalis Kavelis,https://fbref.com/en/players/ec1a904f/Michalis-Kavelis,KA,1992-1993,25,Anorthosis,3. UEFA Cup,Rd1,1,1,90,1.0,,,,,,,,,,,,,,,,Matches
ec1a904f,Michalis Kavelis,https://fbref.com/en/players/ec1a904f/Michalis-Kavelis,KA,2 Seasons,1 Club,1 League,,2,2,210,2.3,,,,,,,,,,,,,,,,,
4b01126a,Mickey Keenan,https://fbref.com/en/players/4b01126a/Mickey-Keenan,KE,1992-1993,36,Portadown FC,3. UEFA Cup,Rd1,2,2,180,2.0,,,,,,,,,,,,,,,,Matches
4b01126a,Mickey Keenan,https://fbref.com/en/players/4b01126a/Mickey-Keenan,KE,3 Seasons,1 Club,2 Leagues,,2,2,180,6.0,,,,,,,,,,,,,,,,,
4b01126a,Mickey Keenan,https://fbref.com/en/players/4b01126a/Mickey-Keenan,KE,UEFA Cup (1 Season),,,2,2,180,2.0,,,,,,,,,,,,,,,,,,
0341a8ec,Shareef Keouf,https://fbref.com/en/players/0341a8ec/Shareef-Keouf,KE,2023-2024,22,Maccabi Haifa,3. Conf Lg,R16,4,4,360,4.0,6,1.50,22,16,72.7,1,2,1,1,25.0,0,0,0,0,,Matches
0341a8ec,Shareef Keouf,https://fbref.com/en/players/0341a8ec/Shareef-Keouf,KE,2023-2024,22,Maccabi Haifa,2. Europa Lg,GR,5,5,450,5.0,6,1.20,22,17,72.7,1,2,2,2,40.0,1,0,1,0,100.0,Matches
0341a8ec,Shareef Keouf,https://fbref.com/en/players/0341a8ec/Shareef-Keouf,KE,1 Season,1 Club,2 Leagues,,9,9,810,9.0,12,1.33,44,33,72.7,2,4,3,3,33.3,1,0,1,0,100.0,,
0341a8ec,Shareef Keouf,https://fbref.com/en/players/0341a8ec/Shareef-Keouf,KE,Europa Lg (1 Season),,,5,5,450,5.0,6,1.20,22,17,72.7,1,2,2,2,40.0,1,0,1,0,100.0,,,
0341a8ec,Shareef Keouf,https://fbref.com/en/players/0341a8ec/Shareef-Keouf,KE,Conf Lg (1 Season),,,4,4,360,4.0,6,1.50,22,16,72.7,1,2,1,1,25.0,0,0,0,0,,,,
